{"img_width": 640, "img_height": 480, "fx": 589.3664541825391, "fy": 589.3664541825391, "x_offset": 320.5, "y_offset": 240.5}
